timestamp,catalog,instrument,technique,long,lat,speed,type,half_width,time_21_5,earth_prediction,PE
1/16/12 3:42,M2M_CATALOG,SOHO: LASCO/C3,,-57,28,990,C,47,2012-01-16T06:56Z,2012-01-19T16:00Z,-36
1/23/12 4:00,M2M_CATALOG,SOHO: LASCO/C3,,26,41,2211,R,62,2012-01-23T05:20Z,2012-01-24T14:18Z,-0.2
2/10/12 12:25,M2M_CATALOG,STEREO A: SECCHI/COR2,,-19,4,301,S,36,2012-02-10T12:25Z,2012-02-12T22:46Z,-32.3
2/10/12 20:12,M2M_CATALOG,SOHO: LASCO/C2,,-27,22,588,C,40,2012-02-10T02:24Z,2012-02-12T22:46Z,-17.2
2/24/12 3:46,M2M_CATALOG,STEREO A: SECCHI/COR2,,-12,32,815,C,55,2012-02-24T07:40Z,2012-02-26T13:26Z,-7.5
3/4/12 11:24,M2M_CATALOG,STEREO A: SECCHI/COR2,,-48,25,1540,O,60,2012-03-04T13:22Z,2012-03-06T04:29Z,-2.2
3/7/12 0:36,M2M_CATALOG,STEREO B: SECCHI/COR2,,-60,30,2200,R,50,2012-03-07T01:44Z,2012-03-08T06:25Z,-4.6
3/7/12 1:25,M2M_CATALOG,STEREO B: SECCHI/COR2,,-23,4,1800,O,65,2012-03-07T02:20Z,2012-03-08T06:25Z,-4.6
3/10/12 18:09,M2M_CATALOG,STEREO A: SECCHI/COR2,,5,22,1400,O,55,2012-03-10T20:20Z,2012-03-12T18:03Z,9.3
3/13/12 17:52,M2M_CATALOG,SOHO: LASCO/C3,,43,25,2250,R,60,2012-03-13T18:55Z,2012-03-15T06:20Z,-6.2
4/19/12 15:39,M2M_CATALOG,STEREO A: SECCHI/COR2,,-18,-28,650,C,25,2012-04-19T21:18Z,2012-04-22T00:50Z,-25.6
5/11/12 23:54,M2M_CATALOG,STEREO A: SECCHI/COR2,,-42,-12,1040,O,45,2012-05-12T02:24Z,2012-05-14T14:28Z,-49.5
5/12/12 1:54,M2M_CATALOG,STEREO B: SECCHI/COR2,,-70,10,550,C,19,2012-05-12T07:15Z,2012-05-14T14:28Z,-49.5
6/13/12 14:00,M2M_CATALOG,SOHO: LASCO/C2,,-20,-25,604,C,41,2012-06-13T19:54Z,2012-06-16T10:16Z,1.4
6/14/12 14:09,M2M_CATALOG,STEREO B: SECCHI/COR2,,-9,-20,1364,O,50,2012-06-14T16:35Z,2012-06-16T10:16Z,1.4
7/4/12 17:24,M2M_CATALOG,STEREO A: SECCHI/COR2,,25,-7,535,C,31,2012-07-05T02:07Z,2012-07-08T06:00Z,-2
7/5/12 13:39,M2M_CATALOG,STEREO A: SECCHI/COR2,,42,-56,640,C,22,2012-07-05T19:14Z,2012-07-08T06:00Z,-2
7/12/12 16:54,M2M_CATALOG,STEREO B: SECCHI/COR2,,6,-13,1300,O,65,2012-07-12T19:29Z,2012-07-14T10:20Z,-7.1
8/4/12 13:48,M2M_CATALOG,SOHO: LASCO/C2,,-28,-18,745,C,45,2012-08-04T18:46Z,2012-08-07T22:28Z,1.2
8/31/12 20:36,M2M_CATALOG,SOHO: LASCO/C3,,-63,-15,1498,O,75,2012-08-31T22:43Z,2012-09-02T19:21Z,-16
9/28/12 2:25,M2M_CATALOG,STEREO A: SECCHI/COR2,,30,5,1160,O,85,2012-09-28T01:56Z,2012-09-29T22:47Z,-23.4
10/5/12 3:24,M2M_CATALOG,STEREO A: SECCHI/COR2,,10,-28,650,C,47,2012-10-05T09:15Z,2012-10-08T10:41Z,6.2
10/27/12 16:25,M2M_CATALOG,STEREO B: SECCHI/COR2,,-10,10,377,S,22,2012-10-28T00:13Z,2012-10-31T15:51Z,0.8
10/27/12 17:40,M2M_CATALOG,STEREO B: SECCHI/COR2,,12,24,420,S,36,2012-10-28T02:05Z,2012-10-31T15:51Z,0.8
11/9/12 15:24,M2M_CATALOG,STEREO A: SECCHI/COR2,,-11,-13,570,C,27,2012-11-09T20:55Z,2012-11-12T23:07Z,0.9
11/23/12 13:54,M2M_CATALOG,STEREO A: SECCHI/COR2,,-15,-22,610,C,42,2012-11-23T19:30Z,2012-11-26T15:52Z,3.9
1/13/13 7:24,M2M_CATALOG,SOHO: LASCO/C3,,12,3,447,S,31,2013-01-13T19:18Z,2013-01-17T02:18Z,-13.7
3/15/13 6:54,M2M_CATALOG,SOHO: LASCO/C2,,-2,-3,1485,O,66,2013-03-15T09:03Z,2013-03-16T16:59Z,-13
5/17/13 9:24,M2M_CATALOG,STEREO B: SECCHI/COR2,,-40,13,1400,O,47,2013-05-17T11:25Z,2013-05-19T15:37Z,-6.7
7/1/13 21:09,M2M_CATALOG,STEREO B: SECCHI/COR2,,-85,11,915,C,63,2013-07-02T01:25Z,2013-07-05T00:00Z,-1
7/9/13 15:09,M2M_CATALOG,STEREO A: SECCHI/COR2,,-10,2,600,C,40,2013-07-09T20:34Z,2013-07-12T17:53Z,0.7
8/20/13 8:24,M2M_CATALOG,SOHO: LASCO/C2,,19,-37,917,C,51,2013-08-20T12:24Z,2013-08-22T23:11Z,3.8
8/21/13 5:09,M2M_CATALOG,SOHO: LASCO/C2,,-2,10,610,C,40,2013-08-21T10:14Z,2013-08-23T23:59Z,-0.1
9/29/13 22:40,M2M_CATALOG,STEREO B: SECCHI/COR2,,38,26,1100,O,70,2013-09-30T01:00Z,2013-10-01T23:43Z,-2.2
10/6/13 14:39,M2M_CATALOG,STEREO A: SECCHI/COR2,,6,-15,790,C,25,2013-10-06T18:19Z,2013-10-09T18:42Z,22.4
11/7/13 16:25,M2M_CATALOG,STEREO B: SECCHI/COR2,,-10,-11,530,C,27,2013-11-07T22:02Z,2013-11-11T05:14Z,-11.8
11/8/13 6:09,M2M_CATALOG,STEREO A: SECCHI/COR2,,-6,-21,444,S,18,2013-11-08T12:26Z,2013-11-11T05:14Z,-11.8
11/8/13 8:24,M2M_CATALOG,STEREO A: SECCHI/COR2,,-9,-29,508,C,27,2013-11-08T15:33Z,2013-11-11T05:14Z,-11.8
12/4/13 23:12,M2M_CATALOG,SOHO: LASCO/C2,,-15,48,700,C,45,2013-12-05T05:16Z,2013-12-08T04:59Z,5
12/12/13 3:54,M2M_CATALOG,STEREO A: SECCHI/COR2,,51,-31,1060,O,40,2013-12-12T06:43Z,2013-12-15T03:38Z,-9.4
12/29/13 1:36,M2M_CATALOG,SOHO: LASCO/C2,,6,29,531,C,41,2013-12-29T10:20Z,2014-01-01T10:53Z,0.7
1/14/14 10:24,M2M_CATALOG,STEREO A: SECCHI/COR2,,-7,16,752,C,43,2014-01-14T14:43Z,2014-01-16T21:09Z,1.1
1/30/14 16:24,M2M_CATALOG,SOHO: LASCO/C2,,-63,-15,998,C,58,2014-01-30T19:29Z,2014-02-02T07:49Z,-15.5
2/4/14 1:25,M2M_CATALOG,SOHO: LASCO/C2,,29,-34,660,C,62,2014-02-04T07:00Z,2014-02-07T00:38Z,-15.6
2/11/14 5:24,M2M_CATALOG,SOHO: LASCO/C2,,-8,2,488,S,32,2014-02-11T15:08Z,2014-02-14T16:45Z,-19.8
2/11/14 9:48,M2M_CATALOG,SOHO: LASCO/C2,,22,21,490,S,45,2014-02-11T16:27Z,2014-02-14T16:45Z,-19.8
2/12/14 5:48,M2M_CATALOG,SOHO: LASCO/C2,,8,10,755,C,60,2014-02-12T10:15Z,2014-02-14T16:45Z,-19.8
2/18/14 1:25,M2M_CATALOG,SOHO: LASCO/C2,,-49,-28,851,C,63,2014-02-18T05:29Z,2014-02-20T13:23Z,10.6
2/19/14 16:00,M2M_CATALOG,SOHO: LASCO/C2,,-1,-37,800,C,45,2014-02-19T20:18Z,2014-02-22T11:26Z,-18.6
2/20/14 3:12,M2M_CATALOG,SOHO: LASCO/C2,,-39,-48,643,C,45,2014-02-20T07:55Z,2014-02-23T12:00Z,6
3/23/14 4:09,M2M_CATALOG,STEREO B: SECCHI/COR2,,-35,4,700,C,52,2014-03-23T08:40Z,2014-03-25T18:31Z,-0.9
3/23/14 6:54,M2M_CATALOG,STEREO B: SECCHI/COR2,,-44,36,568,C,40,2014-03-23T12:30Z,2014-03-25T18:31Z,-0.9
4/2/14 13:55,M2M_CATALOG,STEREO B: SECCHI/COR2,,-50,19,1604,O,68,2014-04-02T15:51Z,2014-04-04T06:07Z,-27.6
4/18/14 13:09,M2M_CATALOG,STEREO A: SECCHI/COR2,,10,-34,1400,O,45,2014-04-18T15:22Z,2014-04-20T09:09Z,-1.2
5/3/14 6:24,M2M_CATALOG,SOHO: LASCO/C2,,51,11,576,C,25,2014-05-03T12:47Z,2014-05-07T00:00Z,-21.6
5/25/14 2:36,M2M_CATALOG,SOHO: LASCO/C2,,7,27,492,S,28,2014-05-25T10:55Z,2014-05-28T12:00Z,17.3
6/4/14 13:25,M2M_CATALOG,STEREO B: SECCHI/COR2,,-41,-45,572,C,43,2014-06-04T23:26Z,2014-06-08T00:00Z,7.8
6/19/14 19:24,M2M_CATALOG,SOHO: LASCO/C2,,-19,2,530,C,47,2014-06-19T23:57Z,2014-06-22T18:00Z,-28
6/25/14 12:54,M2M_CATALOG,STEREO B: SECCHI/COR2,,-7,26,462,S,35,2014-06-25T23:39Z,2014-06-28T14:00Z,-28
6/30/14 7:12,M2M_CATALOG,SOHO: LASCO/C2,,-56,-15,675,C,23,2014-06-30T11:36Z,2014-07-03T18:00Z,18.5
7/11/14 11:24,M2M_CATALOG,SOHO: LASCO/C2,,13,-19,600,C,14,2014-07-11T14:27Z,2014-07-14T18:00Z,4.5
8/15/14 21:12,M2M_CATALOG,SOHO: LASCO/C2,,5,12,676,C,39,2014-08-16T01:36Z,2014-08-18T08:30Z,-21.4
8/22/14 11:24,M2M_CATALOG,SOHO: LASCO/C2,,29,10,444,S,50,2014-08-22T19:30Z,2014-08-25T20:14Z,-27.8
8/22/14 17:00,M2M_CATALOG,SOHO: LASCO/C2,,29,19,457,S,30,2014-08-22T23:28Z,2014-08-25T20:14Z,-27.8
9/9/14 0:16,M2M_CATALOG,SOHO: LASCO/C2,,-30,26,780,C,43,2014-09-09T04:16Z,2014-09-11T14:19Z,-8.6
9/10/14 18:18,M2M_CATALOG,SOHO: LASCO/C3,,10,15,1400,O,45,2014-09-10T20:00Z,2014-09-11T14:19Z,-25.1
11/1/14 5:12,M2M_CATALOG,SOHO: LASCO/C2,,-43,-9,1800,O,32,2014-11-01T07:05Z,2014-11-03T08:00Z,-14.4
11/7/14 18:08,M2M_CATALOG,SOHO: LASCO/C2,,-26,21,800,C,52,2014-11-07T22:02Z,2014-11-09T19:31Z,-6.1
12/17/14 5:00,M2M_CATALOG,SOHO: LASCO/C2,,5,-30,603,C,29,2014-12-17T08:39Z,2014-12-20T08:00Z,-20.2
12/19/14 0:27,M2M_CATALOG,SOHO: LASCO/C3,,-20,-9,885,C,45,2014-12-19T01:12Z,2014-12-21T05:45Z,-12.6
12/20/14 1:25,M2M_CATALOG,SOHO: LASCO/C2,,23,-43,964,C,25,2014-12-20T04:09Z,2014-12-21T05:45Z,-32.7
1/2/15 14:36,M2M_CATALOG,SOHO: LASCO/C2,,34,3,353,S,23,2015-01-02T23:55Z,2015-01-06T00:00Z,-29.4
1/12/15 15:36,M2M_CATALOG,SOHO: LASCO/C2,,-45,3,880,C,27,2015-01-12T18:39Z,2015-01-15T08:00Z,-14.7
1/12/15 16:57,M2M_CATALOG,SOHO: LASCO/C2,,55,13,350,S,27,2015-01-13T02:28Z,2015-01-15T08:00Z,-14.7
3/15/15 2:00,M2M_CATALOG,SOHO: LASCO/C2,,28,-15,1000,O,38,2015-03-15T04:40Z,2015-03-17T11:39Z,7.6
4/4/15 23:36,M2M_CATALOG,SOHO: LASCO/C2,,-29,-25,1090,O,36,2015-04-05T02:45Z,2015-04-07T01:12Z,-48
4/6/15 20:36,M2M_CATALOG,SOHO: LASCO/C2,,-15,-9,917,C,22,2015-04-06T23:03Z,2015-04-09T06:46Z,-2.4
5/6/15 17:00,M2M_CATALOG,SOHO: LASCO/C2,,26,-11,576,C,29,2015-05-06T23:26Z,2015-05-09T19:35Z,-4.5
5/13/15 18:48,M2M_CATALOG,SOHO: LASCO/C3,,7,37,354,S,37,2015-05-14T03:55Z,2015-05-17T12:00Z,8
6/9/15 20:00,M2M_CATALOG,SOHO: LASCO/C2,,-31,30,853,C,43,2015-06-10T00:05Z,2015-06-12T12:19Z,0
6/18/15 17:24,M2M_CATALOG,SOHO: LASCO/C2,,-50,11,1000,O,45,2015-06-18T20:00Z,2015-06-21T08:23Z,-7.3
6/19/15 6:42,M2M_CATALOG,SOHO: LASCO/C2,,9,-33,603,C,54,2015-06-19T14:59Z,2015-06-21T08:23Z,-20.5
6/21/15 2:48,M2M_CATALOG,SOHO: LASCO/C2,,-8,7,1250,O,47,2015-06-21T05:01Z,2015-06-22T21:43Z,3.7
6/22/15 18:36,M2M_CATALOG,SOHO: LASCO/C2,,3,14,1155,O,45,2015-06-22T21:10Z,2015-06-24T18:18Z,5.3
6/25/15 8:36,M2M_CATALOG,SOHO: LASCO/C2,,46,23,1450,O,41,2015-06-25T10:51Z,2015-06-28T02:00Z,22.5
8/12/15 15:12,M2M_CATALOG,SOHO: LASCO/C2,,36,-22,567,C,41,2015-08-12T21:22Z,2015-08-16T09:16Z,25.6
8/13/15 0:30,M2M_CATALOG,SOHO: LASCO/C2,,32,-15,403,S,23,2015-08-13T05:02Z,2015-08-16T09:16Z,25.6
9/18/15 5:00,M2M_CATALOG,SOHO: LASCO/C2,,7,-26,744,C,38,2015-09-18T09:37Z,2015-09-20T17:14Z,11.7
10/22/15 3:12,M2M_CATALOG,SOHO: LASCO/C2,,37,-13,861,C,43,2015-10-22T07:09Z,2015-10-24T11:49Z,-6.6
11/4/15 14:24,M2M_CATALOG,SOHO: LASCO/C2,,18,-6,780,C,50,2015-11-04T19:30Z,2015-11-07T08:40Z,15.1
11/16/15 3:12,M2M_CATALOG,SOHO: LASCO/C2,,31,-28,827,C,41,2015-11-16T06:45Z,2015-11-18T11:49Z,-7.6
12/16/15 9:36,M2M_CATALOG,SOHO: LASCO/C2,,-30,12,650,C,45,2015-12-16T15:30Z,2015-12-19T01:17Z,-14.2
12/16/15 14:48,M2M_CATALOG,SOHO: LASCO/C2,,-9,-8,580,C,45,2015-12-16T20:55Z,2015-12-19T01:17Z,-14.2
12/28/15 12:39,M2M_CATALOG,STEREO A: SECCHI/COR2,,14,-15,850,C,58,2015-12-28T16:43Z,2015-12-30T18:26Z,-5.6
1/15/16 0:00,M2M_CATALOG,SOHO: LASCO/C2,,31,-30,483,S,45,2016-01-15T11:43Z,2016-01-18T12:38Z,-8.4
2/5/16 21:12,M2M_CATALOG,SOHO: LASCO/C2,,44,-31,364,S,35,2016-02-06T05:35Z,2016-02-09T18:00Z,-45.9
3/23/16 5:00,M2M_CATALOG,SOHO: LASCO/C2,,10,23,503,C,20,2016-03-23T11:26Z,2016-03-26T04:00Z,-19.7
4/6/16 16:24,M2M_CATALOG,STEREO A: SECCHI/COR2,,14,23,464,S,31,2016-04-06T23:36Z,2016-04-09T18:00Z,-15
4/10/16 7:12,M2M_CATALOG,SOHO: LASCO/C2,,-53,28,352,S,36,2016-04-10T07:12Z,2016-04-14T00:00Z,-6.8
4/10/16 11:00,M2M_CATALOG,SOHO: LASCO/C2,,-24,34,521,C,35,2016-04-10T11:00Z,2016-04-14T00:00Z,-6.8
5/2/16 9:12,M2M_CATALOG,SOHO: LASCO/C2,,-37,3,386,S,36,2016-05-02T18:15Z,2016-05-06T10:00Z,-5.8
7/17/16 12:48,M2M_CATALOG,SOHO: LASCO/C2,,-22,-2,584,C,29,2016-07-17T19:14Z,2016-07-21T00:04Z,25
7/28/16 22:24,M2M_CATALOG,SOHO: LASCO/C2,,10,7,350,S,45,2016-07-29T08:50Z,2016-08-01T12:00Z,-16.3
10/8/16 21:09,M2M_CATALOG,STEREO A: SECCHI/COR2,,-22,10,243,S,37,2016-10-09T15:56Z,2016-10-14T00:00Z,26.6
11/5/16 4:48,M2M_CATALOG,SOHO: LASCO/C2,,26,23,487,S,35,2016-11-05T12:17Z,2016-11-08T16:00Z,-13.5
5/13/17 22:00,M2M_CATALOG,SOHO: LASCO/C2,,4,-23,340,S,25,2017-05-14T07:02Z,2017-05-17T12:00Z,-9.6
5/23/17 5:00,M2M_CATALOG,STEREO A: SECCHI/COR2,,12,-7,375,S,26,2017-05-23T15:27Z,2017-05-26T18:00Z,-20.8
6/28/17 16:24,M2M_CATALOG,SOHO: LASCO/C2,,17,37,400,S,39,2017-06-29T02:08Z,2017-07-02T19:30Z,27.1
7/14/17 1:36,M2M_CATALOG,SOHO: LASCO/C2,,40,-9,750,C,49,2017-07-14T05:29Z,2017-07-16T23:06Z,17.9
9/4/17 19:39,M2M_CATALOG,STEREO A: SECCHI/COR2,,26,-6,710,C,25,2017-09-04T23:45Z,2017-09-07T03:45Z,4.6
9/4/17 20:36,M2M_CATALOG,SOHO: LASCO/C3,,10,-10,1114,O,46,2017-09-04T23:05Z,2017-09-07T03:45Z,4.6
9/6/17 12:24,M2M_CATALOG,STEREO A: SECCHI/COR2,,23,-15,1238,O,44,2017-09-06T14:57Z,2017-09-08T18:35Z,20.1
9/10/17 16:09,M2M_CATALOG,STEREO A: SECCHI/COR2,,85,-12,2650,R,54,2017-09-10T17:18Z,2017-09-13T02:00Z,6.6
11/10/17 6:23,M2M_CATALOG,SOHO: LASCO/C2,SWPC_CAT,90,11,370,S,27,2017-11-10T18:37Z,2017-11-14T00:00Z,-0.8
2/12/18 1:25,M2M_CATALOG,SOHO: LASCO/C2,SWPC_CAT,22,-7,554,C,49,2018-02-12T07:21Z,2018-02-15T06:42Z,-0.9
3/5/18 23:39,M2M_CATALOG,STEREO A: SECCHI/COR2,SWPC_CAT,-12,-12,386,S,29,2018-03-06T09:54Z,2018-03-10T00:00Z,0.5
7/5/18 4:39,M2M_CATALOG,STEREO A: SECCHI/COR2,SWPC_CAT,-10,-5,260,S,22,2018-07-05T22:56Z,2018-07-10T00:00Z,-11.4
8/20/18 21:24,M2M_CATALOG,SOHO: LASCO/C2,SWPC_CAT,0,10,309,S,19,2018-08-21T18:06Z,2018-08-25T00:00Z,-6
3/8/19 4:17,M2M_CATALOG,SOHO: LASCO/C2,,3,7,340,S,27,2019-03-08T14:44Z,2019-03-11T18:00Z,-8
3/20/19 8:24,M2M_CATALOG,STEREO A: SECCHI/COR2,SWPC_CAT,14,1,541,C,41,2019-03-20T18:19Z,2019-03-23T11:11Z,-33.5
5/10/19 19:09,M2M_CATALOG,STEREO A: SECCHI/COR2,SWPC_CAT,10,-5,471,S,24,2019-05-11T02:31Z,2019-05-14T23:50Z,25.7
5/11/19 2:39,M2M_CATALOG,STEREO A: SECCHI/COR2,SWPC_CAT,2,0,362,S,28,2019-05-11T12:18Z,2019-05-15T10:15Z,36.1
5/12/19 19:54,M2M_CATALOG,STEREO A: SECCHI/COR2,SWPC_CAT,-15,-15,528,C,26,2019-05-13T02:33Z,2019-05-16T07:25Z,-13.1
5/13/19 16:09,M2M_CATALOG,STEREO A: SECCHI/COR2,SWPC_CAT,10,-13,594,C,27,2019-05-13T21:49Z,2019-05-16T19:15Z,3.1
10/25/19 5:54,M2M_CATALOG,STEREO A: SECCHI/COR2,,3,-5,262,S,17,2019-10-25T20:56Z,2019-10-29T19:00Z,4
7/9/20 1:24,M2M_CATALOG,STEREO A: SECCHI/COR2,,12,-12,125,S,25,2020-07-10T05:32Z,2020-07-14T03:00Z,6.4
7/19/20 9:36,M2M_CATALOG,STEREO A: SECCHI/COR2,,-5,8,278,S,23,2020-07-19T21:04Z,2020-07-24T00:00Z,-0.3
10/27/20 3:39,M2M_CATALOG,STEREO A: SECCHI/COR2,SWPC_CAT,-10,1,190,S,19,2020-10-27T14:00Z,2020-11-01T00:00Z,-8.7
11/29/20 13:24,M2M_CATALOG,STEREO A: SECCHI/COR2,,-75,-6,1336,O,58,2020-11-29T16:00Z,2020-12-02T02:00Z,5
12/7/20 16:24,M2M_CATALOG,STEREO A: SECCHI/COR2,SWPC_CAT,12,-21,1383,O,41,2020-12-07T18:49Z,2020-12-09T05:23Z,-20.1
1/1/21 22:00,M2M_CATALOG,SOHO: LASCO/C2,StereoCAT,15,-22,372,S,25,2021-01-02T07:27Z,2021-01-05T20:30Z,8.2
1/2/21 11:24,M2M_CATALOG,STEREO A: SECCHI/COR2,SWPC_CAT,44,-26,626,C,30,2021-01-02T16:52Z,2021-01-05T20:30Z,8.2
3/20/21 0:48,M2M_CATALOG,SOHO: LASCO/C2,SWPC_CAT,-20,6,422,S,35,2021-03-20T11:59Z,2021-03-23T12:00Z,-31.3
3/21/21 23:24,M2M_CATALOG,SOHO: LASCO/C2,SWPC_CAT,24,10,281,S,30,2021-03-22T16:34Z,2021-03-26T08:00Z,-13.6
4/10/21 6:53,M2M_CATALOG,STEREO A: SECCHI/COR2,,19,-4,239,S,28,2021-04-11T00:52Z,2021-04-15T18:00Z,14.5
4/22/21 5:23,M2M_CATALOG,STEREO A: SECCHI/COR2,SWPC_CAT,-8,-13,803,C,30,2021-04-22T09:37Z,2021-04-24T17:24Z,-5
4/26/21 19:39,M2M_CATALOG,STEREO A: SECCHI/COR2,SWPC_CAT,7,-18,232,S,22,2021-04-27T11:47Z,2021-04-30T20:40Z,-16.2
5/9/21 11:23,M2M_CATALOG,STEREO A: SECCHI/COR2,StereoCAT,-10,-4,717,C,27,2021-05-09T15:54Z,2021-05-12T03:34Z,-2.2
5/22/21 9:12,M2M_CATALOG,SOHO: LASCO/C2,SWPC_CAT,-20,-3,500,C,21,2021-05-22T14:11Z,2021-05-25T20:00Z,-15.6
5/22/21 16:09,M2M_CATALOG,STEREO A: SECCHI/COR2,SWPC_CAT,-17,15,611,C,20,2021-05-22T21:11Z,2021-05-25T20:00Z,-15.6
5/22/21 22:09,M2M_CATALOG,STEREO A: SECCHI/COR2,SWPC_CAT,25,13,670,C,26,2021-05-23T03:04Z,2021-05-25T20:00Z,-15.6
5/23/21 9:53,M2M_CATALOG,STEREO A: SECCHI/COR2,,22,5,699,C,26,2021-05-23T14:34Z,2021-05-26T07:37Z,-4
5/23/21 11:38,M2M_CATALOG,STEREO A: SECCHI/COR2,SWPC_CAT,25,8,806,C,31,2021-05-23T15:45Z,2021-05-26T07:37Z,-4
5/23/21 17:38,M2M_CATALOG,STEREO A: SECCHI/COR2,SWPC_CAT,27,1,703,C,23,2021-05-23T22:17Z,2021-05-26T07:37Z,-4
5/28/21 23:12,M2M_CATALOG,SOHO: LASCO/C2,SWPC_CAT,62,-9,824,C,46,2021-05-29T03:16Z,2021-06-01T06:00Z,-30.3
7/10/21 13:36,M2M_CATALOG,SOHO: LASCO/C2,SWPC_CAT,-20,2,375,S,14,2021-07-10T21:00Z,2021-07-14T06:00Z,-4
7/20/21 16:48,M2M_CATALOG,STEREO A: SECCHI/COR2,,-43,26,971,C,29,2021-07-20T20:01Z,2021-07-23T17:00Z,-37.4
7/22/21 14:00,M2M_CATALOG,SOHO: LASCO/C2,SWPC_CAT,24,-1,364,S,27,2021-07-22T22:33Z,2021-07-26T12:30Z,17.7
7/29/21 0:24,M2M_CATALOG,SOHO: LASCO/C2,SWPC_CAT,-9,-4,264,S,36,2021-07-29T12:16Z,2021-08-02T11:30Z,2.5
8/23/21 6:36,M2M_CATALOG,SOHO: LASCO/C2,SWPC_CAT,-1,11,393,S,35,2021-08-23T14:36Z,2021-08-26T20:25Z,-4
8/24/21 13:25,M2M_CATALOG,SOHO: LASCO/C2,,-36,8,454,S,33,2021-08-24T20:57Z,2021-08-28T03:00Z,15.3
8/28/21 7:00,M2M_CATALOG,SOHO: LASCO/C2,SWPC_CAT,-2,-10,261,S,45,2021-08-28T20:11Z,2021-09-02T00:00Z,-30.3
9/5/21 21:36,M2M_CATALOG,SOHO: LASCO/C2,SWPC_CAT,0,7,537,C,45,2021-09-06T04:21Z,2021-09-09T01:35Z,-23.9
9/13/21 10:36,M2M_CATALOG,SOHO: LASCO/C2,SWPC_CAT,9,6,394,S,31,2021-09-13T18:19Z,2021-09-16T22:30Z,-3
9/23/21 5:48,M2M_CATALOG,SOHO: LASCO/C2,,-32,-14,300,S,48,2021-09-23T16:44Z,2021-09-26T23:30Z,0.5
9/23/21 16:53,M2M_CATALOG,SOHO: LASCO/C2,,-16,-21,428,S,32,2021-09-23T23:28Z,2021-09-26T23:30Z,0.5
9/28/21 7:00,M2M_CATALOG,SOHO: LASCO/C2,,43,-17,649,C,45,2021-09-28T12:13Z,2021-10-01T10:30Z,16.5
10/9/21 7:09,M2M_CATALOG,STEREO A: SECCHI/COR2,SWPC_CAT,9,6,983,C,45,2021-10-09T10:33Z,2021-10-11T07:50Z,-17.9
10/12/21 3:24,M2M_CATALOG,SOHO: LASCO/C2,SWPC_CAT,30,-1,512,C,35,2021-10-12T09:40Z,2021-10-15T12:00Z,-12.2
10/26/21 20:00,M2M_CATALOG,SOHO: LASCO/C2,SWPC_CAT,-27,-13,302,S,33,2021-10-27T06:51Z,2021-10-30T23:30Z,7.1
10/28/21 15:53,M2M_CATALOG,STEREO A: SECCHI/COR2,SWPC_CAT,0,-17,1109,O,49,2021-10-28T18:52Z,2021-10-30T16:54Z,-16.3
11/1/21 18:38,M2M_CATALOG,STEREO A: SECCHI/COR2,SWPC_CAT,32,-30,509,C,32,2021-11-02T01:20Z,2021-11-03T21:39Z,2.3
11/1/21 21:36,M2M_CATALOG,SOHO: LASCO/C2,SWPC_CAT,43,-19,771,C,49,2021-11-02T02:00Z,2021-11-03T21:39Z,2.3
11/2/21 2:48,M2M_CATALOG,SOHO: LASCO/C2,SWPC_CAT,-5,16,1151,O,51,2021-11-02T05:52Z,2021-11-03T21:39Z,2.3
11/24/21 14:09,M2M_CATALOG,STEREO A: SECCHI/COR2,SWPC_CAT,-3,-16,561,C,31,2021-11-24T19:47Z,2021-11-27T13:24Z,-8.4
11/29/21 10:38,M2M_CATALOG,STEREO A: SECCHI/COR2,SWPC_CAT,-5,-19,600,C,27,2021-11-29T15:44Z,2021-12-02T10:55Z,-48.9
12/5/21 14:36,M2M_CATALOG,SOHO: LASCO/C2,SWPC_CAT,-1,-26,248,S,38,2021-12-06T04:26Z,2021-12-09T23:00Z,-14.4
12/6/21 5:48,M2M_CATALOG,SOHO: LASCO/C2,SWPC_CAT,-5,-41,204,S,45,2021-12-06T23:23Z,2021-12-11T15:00Z,25.6
12/14/21 17:38,M2M_CATALOG,STEREO A: SECCHI/COR2,SWPC_CAT,8,9,305,S,18,2021-12-15T00:13Z,2021-12-18T18:00Z,-24.5
12/15/21 5:00,M2M_CATALOG,SOHO: LASCO/C2,SWPC_CAT,-42,2,680,C,24,2021-12-15T11:33Z,2021-12-18T09:00Z,-33.5
12/24/21 17:09,M2M_CATALOG,STEREO A: SECCHI/COR2,SWPC_CAT,-14,-36,443,S,38,2021-12-25T01:34Z,2021-12-28T07:06Z,22.5
1/15/22 16:12,M2M_CATALOG,SOHO: LASCO/C2,SWPC_CAT,5,34,416,S,25,2022-01-16T02:08Z,2022-01-19T06:00Z,6.9
1/16/22 20:48,M2M_CATALOG,SOHO: LASCO/C2,SWPC_CAT,30,12,610,C,22,2022-01-17T02:12Z,2022-01-20T00:00Z,24.9
1/18/22 18:23,M2M_CATALOG,STEREO A: SECCHI/COR2,SWPC_CAT,53,4,962,C,47,2022-01-18T21:28Z,2022-01-21T11:00Z,-1.9
1/20/22 9:09,M2M_CATALOG,STEREO A: SECCHI/COR2,SWPC_CAT,37,2,538,C,40,2022-01-20T15:46Z,2022-01-23T20:19Z,-20.8
1/21/22 9:53,M2M_CATALOG,STEREO A: SECCHI/COR2,SWPC_CAT,-58,-14,739,C,48,2022-01-21T14:04Z,2022-01-24T10:00Z,-7.2
1/29/22 23:36,M2M_CATALOG,SOHO: LASCO/C2,SWPC_CAT,-9,3,628,C,45,2022-01-30T03:56Z,2022-02-01T19:36Z,-2
2/6/22 14:09,M2M_CATALOG,STEREO A: SECCHI/COR2,SWPC_CAT,-5,-18,555,C,40,2022-02-06T19:52Z,2022-02-09T23:08Z,3
2/6/22 15:38,M2M_CATALOG,STEREO A: SECCHI/COR2,SWPC_CAT,-2,2,401,S,31,2022-02-06T23:12Z,2022-02-09T23:08Z,3
3/7/22 0:12,M2M_CATALOG,SOHO: LASCO/C2,SWPC_CAT,21,6,479,S,31,2022-03-07T08:05Z,2022-03-10T13:38Z,-5
3/10/22 19:23,M2M_CATALOG,STEREO A: SECCHI/COR2,SWPC_CAT,10,16,677,C,61,2022-03-11T01:06Z,2022-03-13T11:35Z,1.4
3/16/22 13:36,M2M_CATALOG,SOHO: LASCO/C2,SWPC_CAT,-25,1,511,C,50,2022-03-16T20:38Z,2022-03-20T00:14Z,3.3
3/28/22 12:09,M2M_CATALOG,SOHO: LASCO/C2,SWPC_CAT,12,7,662,C,45,2022-03-28T17:19Z,2022-03-31T04:12Z,2.5
3/28/22 20:23,M2M_CATALOG,STEREO A: SECCHI/COR2,SWPC_CAT,3,3,760,C,50,2022-03-29T00:58Z,2022-03-31T04:12Z,2.5
3/30/22 18:23,M2M_CATALOG,STEREO A: SECCHI/COR2,SWPC_CAT,15,0,808,C,40,2022-03-30T21:49Z,2022-04-02T05:41Z,5.1
4/3/22 16:38,M2M_CATALOG,STEREO A: SECCHI/COR2,StereoCAT,22,-4,702,C,35,2022-04-03T21:19Z,2022-04-06T09:44Z,-13
4/4/22 11:36,M2M_CATALOG,SOHO: LASCO/C2,SWPC_CAT,-44,20,526,C,41,2022-04-04T18:53Z,2022-04-08T06:00Z,2.4
4/4/22 22:12,M2M_CATALOG,SOHO: LASCO/C2,SWPC_CAT,-20,-20,449,S,26,2022-04-05T04:08Z,2022-04-08T12:00Z,-10
4/7/22 5:36,M2M_CATALOG,SOHO: LASCO/C2,SWPC_CAT,-40,-31,457,S,43,2022-04-07T14:08Z,2022-04-10T16:00Z,27.2
4/9/22 9:12,M2M_CATALOG,SOHO: LASCO/C2,SWPC_CAT,19,-32,422,S,35,2022-04-09T20:27Z,2022-04-12T22:00Z,-3.9
4/11/22 6:00,M2M_CATALOG,SOHO: LASCO/C2,SWPC_CAT,2,-6,553,C,46,2022-04-11T11:45Z,2022-04-14T09:56Z,6.3
4/27/22 14:53,M2M_CATALOG,SOHO: LASCO/C2,SWPC_CAT,28,29,970,C,36,2022-04-27T18:19Z,2022-04-30T08:30Z,9.1
5/3/22 18:12,M2M_CATALOG,SOHO: LASCO/C2,SWPC_CAT,-12,15,226,S,31,2022-05-04T08:09Z,2022-05-08T08:00Z,1.6
5/6/22 21:24,M2M_CATALOG,SOHO: LASCO/C2,SWPC_CAT,-29,35,300,S,42,2022-05-07T09:20Z,2022-05-11T11:00Z,-1.1
5/10/22 14:48,M2M_CATALOG,SOHO: LASCO/C2,SWPC_CAT,-22,-31,440,S,39,2022-05-10T22:30Z,2022-05-14T04:00Z,6.5
6/2/22 6:09,M2M_CATALOG,SOHO: LASCO/C2,SWPC_CAT,38,-8,549,C,44,2022-06-02T12:36Z,2022-06-05T20:25Z,-12.9
6/13/22 3:12,M2M_CATALOG,SOHO: LASCO/C2,SWPC_CAT,-39,-3,1244,O,46,2022-06-13T06:21Z,2022-06-15T00:21Z,-3.7
6/21/22 0:48,M2M_CATALOG,SOHO: LASCO/C2,SWPC_CAT,24,-18,484,S,15,2022-06-21T07:07Z,2022-06-24T12:00Z,17.1
6/26/22 18:23,M2M_CATALOG,STEREO A: SECCHI/COR2,SWPC_CAT,-9,-1,278,S,45,2022-06-27T06:41Z,2022-07-01T12:00Z,2.9
6/29/22 2:09,M2M_CATALOG,STEREO A: SECCHI/COR2,SWPC_CAT,2,18,294,S,21,2022-06-29T14:14Z,2022-07-03T05:00Z,-2
7/3/22 3:09,M2M_CATALOG,STEREO A: SECCHI/COR2,SWPC_CAT,-2,6,247,S,30,2022-07-03T14:09Z,2022-07-07T13:00Z,4.9
7/8/22 20:48,M2M_CATALOG,SOHO: LASCO/C2,SWPC_CAT,-24,6,1110,O,47,2022-07-08T23:26Z,2022-07-11T07:56Z,-1.4
7/15/22 15:23,M2M_CATALOG,STEREO A: SECCHI/COR2,SWPC_CAT,12,21,539,C,41,2022-07-15T23:33Z,2022-07-18T23:11Z,2.5
7/21/22 1:36,M2M_CATALOG,SOHO: LASCO/C2,SWPC_CAT,-18,11,950,C,25,2022-07-21T03:09Z,2022-07-22T16:38Z,-9.8
7/21/22 1:48,M2M_CATALOG,SOHO: LASCO/C2,SWPC_CAT,2,8,1355,O,45,2022-07-21T03:55Z,2022-07-22T16:38Z,-9.8
8/13/22 18:48,M2M_CATALOG,SOHO: LASCO/C2,SWPC_CAT,-9,-25,679,C,26,2022-08-13T23:52Z,2022-08-16T18:00Z,-8.2
8/14/22 12:48,M2M_CATALOG,SOHO: LASCO/C2,SWPC_CAT,7,-3,817,C,40,2022-08-14T16:36Z,2022-08-16T22:22Z,-3.9
8/16/22 2:24,M2M_CATALOG,SOHO: LASCO/C2,SWPC_CAT,7,-28,584,C,43,2022-08-16T08:21Z,2022-08-18T22:28Z,-18.6
8/16/22 15:24,M2M_CATALOG,SOHO: LASCO/C2,SWPC_CAT,8,-27,637,C,23,2022-08-16T21:04Z,2022-08-19T23:00Z,6
8/18/22 11:00,M2M_CATALOG,SOHO: LASCO/C2,SWPC_CAT,17,-30,1076,O,35,2022-08-18T14:10Z,2022-08-21T04:00Z,10.6
8/27/22 2:23,M2M_CATALOG,STEREO A: SECCHI/COR2,SWPC_CAT,56,-13,1372,O,40,2022-08-27T04:57Z,2022-08-29T11:00Z,8.1
9/9/22 7:24,M2M_CATALOG,SOHO: LASCO/C2,SWPC_CAT,-12,43,264,S,25,2022-09-09T22:51Z,2022-09-13T21:00Z,-9.4
9/28/22 4:48,M2M_CATALOG,SOHO: LASCO/C2,SWPC_CAT,-30,10,1085,O,22,2022-09-28T07:41Z,2022-10-01T06:00Z,-9.1
9/28/22 5:24,M2M_CATALOG,SOHO: LASCO/C2,SWPC_CAT,-30,0,481,S,14,2022-09-28T11:07Z,2022-10-01T06:00Z,-9.1
10/1/22 13:09,M2M_CATALOG,STEREO A: SECCHI/COR2,SWPC_CAT,28,5,671,C,40,2022-10-01T16:51Z,2022-10-04T05:43Z,-1.4
10/11/22 9:23,M2M_CATALOG,STEREO A: SECCHI/COR2,SWPC_CAT,38,14,268,S,44,2022-10-11T22:43Z,2022-10-14T23:00Z,14.8
10/11/22 11:36,M2M_CATALOG,SOHO: LASCO/C2,SWPC_CAT,29,9,365,S,34,2022-10-11T21:11Z,2022-10-14T23:00Z,14.8
11/14/22 3:24,M2M_CATALOG,SOHO: LASCO/C2,SWPC_CAT,36,-9,488,S,38,2022-11-14T10:24Z,2022-11-17T12:11Z,-27.7
11/19/22 9:48,M2M_CATALOG,SOHO: LASCO/C2,SWPC_CAT,10,26,627,C,26,2022-11-19T14:59Z,2022-11-22T04:51Z,-1.5
12/1/22 7:48,M2M_CATALOG,SOHO: LASCO/C2,SWPC_CAT,17,27,1306,O,30,2022-12-01T10:22Z,2022-12-03T09:37Z,-26.5
12/24/22 2:48,M2M_CATALOG,SOHO: LASCO/C2,SWPC_CAT,-33,31,1055,O,27,2022-12-24T06:13Z,2022-12-27T08:00Z,31.4
12/30/22 16:53,M2M_CATALOG,STEREO A: SECCHI/COR2,SWPC_CAT,14,-24,452,S,32,2022-12-31T00:31Z,2023-01-02T20:00Z,-20.4
1/20/23 13:38,M2M_CATALOG,STEREO A: SECCHI/COR2,SWPC_CAT,41,-36,806,C,37,2023-01-20T18:15Z,2023-01-23T18:00Z,15
1/20/23 16:12,M2M_CATALOG,SOHO: LASCO/C2,SWPC_CAT,7,-32,684,C,24,2023-01-20T19:55Z,2023-01-23T18:00Z,15
2/11/23 11:12,M2M_CATALOG,SOHO: LASCO/C2,SWPC_CAT,-15,30,1888,O,34,2023-02-11T12:58Z,2023-02-13T11:06Z,-5.9
2/17/23 20:23,M2M_CATALOG,STEREO A: SECCHI/COR2,,-20,4,1487,O,45,2023-02-17T22:08Z,2023-02-19T10:15Z,-23.6
2/21/23 2:48,M2M_CATALOG,SOHO: LASCO/C2,SWPC_CAT,24,14,463,S,22,2023-02-21T11:33Z,2023-02-24T22:00Z,9.9
2/24/23 20:36,M2M_CATALOG,SOHO: LASCO/C2,SWPC_CAT,19,29,1276,O,41,2023-02-24T23:14Z,2023-02-26T15:20Z,-3.4
2/25/23 19:38,M2M_CATALOG,STEREO A: SECCHI/COR2,SWPC_CAT,48,10,920,C,58,2023-02-25T23:23Z,2023-02-27T23:36Z,13.3
3/10/23 17:24,M2M_CATALOG,SOHO: LASCO/C2,SWPC_CAT,38,-30,515,C,46,2023-03-11T00:44Z,2023-03-14T08:42Z,4.7
3/12/23 19:24,M2M_CATALOG,SOHO: LASCO/C2,SWPC_CAT,-3,-38,793,C,27,2023-03-12T23:37Z,2023-03-15T17:10Z,13.4
3/20/23 2:41,M2M_CATALOG,SOHO: LASCO/C2,SWPC_CAT,20,-31,550,C,28,2023-03-20T08:02Z,2023-03-23T18:50Z,9.7
3/20/23 14:42,M2M_CATALOG,SOHO: LASCO/C2,SWPC_CAT,-40,27,749,C,45,2023-03-20T19:41Z,2023-03-23T18:50Z,9.7